{
  "issuelist": [
    {
      "name": "First issue",
      "id": 1,
      "description": "This is the first issue",
      "status": "new",
      "reporter": "PROME LEE",
      "assignee": "PROME LEE",
      "created_at": "2024-01-01 00:00:00"
    },
    {
      "name": "Second issue",
      "id": 2,
      "description": "This is the first issue",
      "status": "fixed",
      "reporter": "PROME LEE",
      "assignee": "PROME LEE",
      "created_at": "2024-01-01 00:00:00"
    },
    {
      "name": "Third issue",
      "id": 3,
      "description": "This is the first issue",
      "status": "closed",
      "reporter": "PROME LEE",
      "assignee": "PROME LEE",
      "created_at": "2024-01-01 00:00:00"
    }
  ]
}
