{
  "features": [
    {
      "id": 1,
      "name": "이슈 생성 및 등록",
      "description": "프로젝트에서 발생하는 다양한 이슈(버그, 개선사항, 기능 요청 등)를 생성하고 등록할 수 있습니다. 각 이슈는 고유한 ID를 가지며, 제목, 설명, 우선순위, 담당자 등을 포함합니다."
    },
    {
      "id": 2,
      "name": "이슈 분류 및 태그",
      "description": "이슈를 유형별로 분류하거나 태그를 추가하여 관리할 수 있습니다. 이를 통해 이슈의 특성에 따라 쉽게 검색하고 정렬할 수 있습니다."
    },
    {
      "id": 3,
      "name": "우선순위 설정",
      "description": "이슈의 중요도에 따라 우선순위를 설정할 수 있습니다. 이를 통해 중요한 이슈를 먼저 해결하고, 전체 프로젝트의 효율성을 높일 수 있습니다."
    },
    {
      "id": 4,
      "name": "담당자 지정",
      "description": "각 이슈에 담당자를 지정하여 책임자를 명확히 할 수 있습니다. 이를 통해 이슈 해결의 책임과 진행 상황을 명확히 추적할 수 있습니다."
    },
    {
      "id": 5,
      "name": "상태 관리",
      "description": "이슈의 상태를 '열림', '진행 중', '검토 중', '해결됨', '닫힘' 등으로 설정하여 현재 진행 상황을 명확히 알 수 있습니다."
    },
    {
      "id": 6,
      "name": "코멘트 및 협업",
      "description": "이슈에 댓글을 달아 팀원 간의 협업을 촉진할 수 있습니다. 이를 통해 문제 해결에 필요한 정보를 공유하고, 의견을 교환할 수 있습니다."
    },
    {
      "id": 7,
      "name": "이슈 검색 및 필터링",
      "description": "다양한 조건으로 이슈를 검색하고 필터링할 수 있습니다. 이를 통해 필요한 이슈를 빠르게 찾고 관리할 수 있습니다."
    },
    {
      "id": 8,
      "name": "사용자 권한 관리",
      "description": "각 사용자에게 역할 및 권한을 부여하여 이슈 접근 및 수정 권한을 관리할 수 있습니다. 이를 통해 보안성과 관리 효율성을 높일 수 있습니다."
    }
  ]
}
