{
  "projectlist": [
    {
      "name": "First Project",
      "thumbnaillink": "https://picsum.photos/600/400",
      "projectid": 1,
      "private": true,
      "description": "This is the first project",
      "admin": "PROME LEE",
      "initdate": "2024-01-01 00:00:00"
    },
    {
      "name": "Second Project",
      "thumbnaillink": "https://picsum.photos/600/400",
      "projectid": 2,
      "private": false,
      "description": "This is the first project",
      "admin": "PROME LEE",
      "initdate": "2024-01-01 00:00:00"
    },
    {
      "name": "Third Project",
      "thumbnaillink": "https://picsum.photos/600/400",
      "projectid": 3,
      "private": true,
      "description": "This is the first project",
      "admin": "PROME LEE",
      "initdate": "2024-01-01 00:00:00"
    }
  ]
}
